<?xml version="1.0" encoding="UTF-8"?>
<!DOCTYPE suite SYSTEM "http://testng.org/testng-1.0.dtd">
<suite name="Suite">
<listeners>
<listener class-name="resources.Listeners"/>
<listener class-name="resources.ExtentReporterNG"/>
</listeners>

 <test thread-count="5" name="Test">
 
  <classes>
   <class name="practise.AppiumFramework.loginForum_tc"> 
   <methods>
			<include name="Login"/> 
			<include name="Forum"/> 
			<include name="MarketPrice"/>
	</methods>
	</class>
 <class name="practise.AppiumFramework.services_tc">
   <methods>
			<include name="WeatherForecast"/> 
			<include name="AgriInputMarketPlace"/>
			<include name="CropSellOffer"/>  
			<include name="CropDoctor"/>
			<include name="CropPractice"/> 
			<include name="ContactUs"/> 
			<include name="FeedBack"/>		
	  </methods>
      </class>	
 <class name="practise.AppiumFramework.newsProfile_tc">
    <methods>
			<include name="News"/> 
			<include name="EditProfile"/> 
			<include name="Profile"/> 
			<include name="Logout"/>
	</methods>
    </class> 	
 
 </classes>
 
 
  </test> <!-- Test -->
</suite> <!-- Suite -->
